-- phpMyAdmin SQL Dump
-- version 5.0.2
-- https://www.phpmyadmin.net/
--
-- Хост: 127.0.0.1:3306
-- Время создания: Июн 12 2020 г., 02:53
-- Версия сервера: 10.3.22-MariaDB
-- Версия PHP: 7.1.33

SET SQL_MODE = "NO_AUTO_VALUE_ON_ZERO";
START TRANSACTION;
SET time_zone = "+00:00";


/*!40101 SET @OLD_CHARACTER_SET_CLIENT=@@CHARACTER_SET_CLIENT */;
/*!40101 SET @OLD_CHARACTER_SET_RESULTS=@@CHARACTER_SET_RESULTS */;
/*!40101 SET @OLD_COLLATION_CONNECTION=@@COLLATION_CONNECTION */;
/*!40101 SET NAMES utf8mb4 */;

--
-- База данных: `citycalendar`
--

-- --------------------------------------------------------

--
-- Структура таблицы `category`
--

CREATE TABLE `category` (
  `id` int(11) UNSIGNED NOT NULL,
  `name` text NOT NULL
) ENGINE=InnoDB DEFAULT CHARSET=utf8;

--
-- Дамп данных таблицы `category`
--

INSERT INTO `category` (`id`, `name`) VALUES
(1, 'Концерты'),
(2, 'Театры'),
(3, 'Кино'),
(4, 'Выставки'),
(5, 'Цирк\r\n'),
(6, 'Музеи'),
(7, 'Развлечения');

-- --------------------------------------------------------

--
-- Структура таблицы `event`
--

CREATE TABLE `event` (
  `id` int(255) UNSIGNED NOT NULL,
  `category_id` int(255) UNSIGNED NOT NULL,
  `Name` varchar(255) NOT NULL,
  `Date` date NOT NULL,
  `Img` text NOT NULL,
  `Description` varchar(5000) NOT NULL,
  `Location` varchar(255) NOT NULL
) ENGINE=InnoDB DEFAULT CHARSET=utf8mb4;

--
-- Дамп данных таблицы `event`
--

INSERT INTO `event` (`id`, `category_id`, `Name`, `Date`, `Img`, `Description`, `Location`) VALUES
(10, 1, 'КОРОЛЬ И ШУТ. 30 ЛЕТ ГРУППЕ. КНЯZZ.', '2020-06-26', 'uploads1591917123IMG_0194-1.jpg', 'Концерт группы Княzz с программой «Камнем по голове» в честь 30-летия группы «Король и Шут» В далёком 1988 году, в Ленинграде, у Михаила Горшенёва вместе с одноклассниками возникла идея создания группы. Так на свет появился проект, ориентированный на игру в стиле «панк-рок», с соответствующими текстами и музыкой.', 'Нижний Новгород, пл.Октябрьская, д. 1      '),
(11, 1, 'Онлайн-фестиваль «Песни нашей Победы»', '2020-04-09', 'uploads1591917457bd515d26c80b023b48cbbd0e9c0e067a.jpg', 'С 23 апреля по 15 мая 2020 года, в Автозаводском районе проходит онлайн-фестиваль патриотической песни «Песни нашей Победы». В фестивале может принять участие любой житель города Нижнего Новгорода в возрасте от 6 до 55 лет в следующих номинациях: сольное творчество, семейное творчество. Источник — kudann.ru, лучшие события Нижнего Новгорода.', 'Нижний Новгород'),
(12, 2, 'Театр драмы:\"На дне\"', '2020-04-09', 'uploads1591917545data_objects_0004_5266_img.45266.na_dne_sarkisov.jpg', 'Нижегородский государственный академический театр драмы им. М.Горького - один из старейших русских театров. Ему более 200 лет. В конце XIX века помещик Нижегородской губернии князь Н.Г. Шаховской сформировал труппу более ста человек из крепостных, игравшую в его домовом театре, и открыл первый в городе публичный театр, где 7 февраля 1798 года состоялся первый спектакль по комедии Д.И. Фонвизина «Выбор гувернера». Нынешний театр драмы располагается в одном из красивейших зданий на центральной улице города, построенном по проекту главного архитектора императорских театров академика В.А.Шретера. ', 'г. Нижний Новгород, ул. Большая Покровская, д. 13'),
(13, 2, 'ЮЛИЯ РУТБЕРГ. ПОЭТИЧЕСКИЙ ВЕЧЕР.', '2020-04-10', 'uploads1591917634OPdaLr7PLhw.jpg', '«Императрица русского слова, Оракул, Кассандра, провидица…» Эти эпитеты лишь посмертные ярлыки, которые скорее подходят памятнику, чем человеку, в них нет души. Но время, самый беспощадный судья, выбрало и сохранило Поэта. Что продолжает притягивать к ней людей? О чём её спрашивают, какие ответы находят? Попробуем и мы найти живые смыслы в уже ставших канонических стихах. Программа включает: - 13 вопросов к Ахматовой; - 10 мифов об Ахматовой; - 5 гаданий на книге стихов и её ответы. Автор идеи и исполнитель – народная артистка России Юлия РУТБЕРГ Музыкальное оформление и сопровождение – лауреа', ' Нижний Новгород, Кремль, корпус 2'),
(14, 3, 'Афера в Майами', '2020-06-16', 'uploads1591917720maxresdefault.jpg', 'Кубинское правительство направляет в Майами своих шпионов для предотвращения терактов, организуемых враждебными группировками США. Но агенты под прикрытием не только успешно исполняют свою миссию, но и оказываются вовлечены в подпольную торговлю кокаином, что грозит мировым скандалом. В основу сюжета картины легла книга бразильского писателя и журналиста Фернандо Мораиса «Последние солдаты на холодной войне». Режиссёром ленты выступил лауреат Каннского кинофестиваля в категории «Лучший режиссёр» Оливье Ассайас, который получил эту награду за работу над фильмом «Персональный покупатель». Съёмки', 'Нижний Новгород, Казанское ш., 11, ТРК «Индиго Life»'),
(15, 3, 'Верю в любовь', '2020-08-21', 'uploads1591917789istillbelieve_12.jpg', 'Когда Джереми встречает Мелиссу, он сразу понимает, что она — Та Самая. Но хватит ли у него сил, чтобы побороться за любимую в самой безнадежной ситуации? Одна любовь может изменить твою жизнь. Одна жизнь может изменить целый мир. Лента основана на мемуарах певца и автора песен Джереми Кэмпа (Кей Джей Апа). Он рассказывает о своем романе с Мелиссой Линн Хеннинг-Кэмп (Бритт Робертсон). Они поженились в октябре 2000 года, несмотря на то, что он знал о болезни возлюбленной и о том, что она в скором времени может умереть. У Мелиссы был диагностирован рак яичников незадолго до их свадьбы. Режиссёра', 'Нижний Новгород, Бетанкура, 1, ТРК «Седьмое небо'),
(16, 4, 'Галерея «Пигмалион»', '2020-07-30', 'uploads1591917860full_57c52e066ac85_1.jpg', 'Открытие галереи и, по совместительству, багетной мастерской состоялось в 1996 году. Здесь регулярно проходят выставки работ нижегородских художников. Среди авторов, представленных в экспозиции галереи, — В. Алёшина, Е. Фролова, И. Зуев и другие нижегородские художники. Работы художников охватывают огромный диапазон культурных течений XX века — натурализм, неоэкспрессионизм и сюрреализм. В галерее проходят экскурсии, в ходе которых ведущий знакомит гостей с авторами работ и историей создания произведений. Экспозиции регулярно меняются и пополняются новыми уникальными работами. При галерее рабо', ' ул. Большая Печёрская, д.8'),
(17, 4, 'Западноевропейское искусство XV-XX вв.', '2020-05-22', 'uploads1591917940dsc08904.jpg', 'На данный момент собрание Нижегородского музея насчитывает около 12 000 произведений живописи, скульптуры, графики и декоративно-прикладного искусства. Первые произведения западноевропейской живописи поступили в музей почти сразу после открытия. Это были несколько картин неизвестных художников французской фламандской школы, подаренные частными владельцами. После октябрьской революции с 1919 по 1924 годы в музей были переданы национализированные собрания дворянских семей, чьи имения находились на территории Нижегородской губернии. Картины из собрания Шереметевых, Орловых-Давыдовых, Пашков      ', 'Художественный музей. Дом Сироткина Верхне-Волжская наб.      '),
(18, 5, 'Король', '2020-05-09', 'uploads1591918104dsc03323_copy.jpg', 'Феерическое зрелище с новейшими технологиями водоворота света и звука захватывающими дух спецэффектами и грандиозным шоу танцующих фонтанов. Цирк. Шоу на воде. «Король». (Цирк без животных). Специально, для этого циркового представления будут демонтированы первые ряды в партере. Это потрясающая история, рассказанная языком цирка и театра. Это возможность с головой окунуться в прекрасную сказку с интересной сюжетной линией, яркими героями и спецэффектами. Здесь не будет дрессировщиков и животных, но Вас восхитят цирковые артисты, а также трюки и полеты воздушных гимнастов. Свет, песни, костюмы,', 'Нижний Новгород,Октябрьская пл., 1'),
(19, 5, 'Нижегородский Государственный Цирк «БУРЛЕСК»', '2020-05-21', 'uploads15919181797f921aa020e3c15372a3ae0b34a290be.jpg', '«БУРЛЕСК» — это настоящая жемчужина Продюсерского центра «Королевский цирк» и Российской государственной цирковой компании, созданная на основе номеров, покоривших княжеский дом Монако! После триумфальной победы коллектива Заслуженного артиста России и Грузии Гии Эрадзе на международном цирковом фестивале в Монте-Карло в 2019 году, завоевавглавную цирковую награду мира – «Золотого клоуна», артисты представили в Москве премьеру шоу «Бурлеск», успев поразить роскошью и размахом более полумиллиона зрителей Московского цирка Никулина на Цветном бульваре! Нижний Новгород станет первым гастрольным г', 'Нижний Новгород, ул. Коммунистическая, 38'),
(20, 6, 'Первый в стране музей фотографии — основанный в 1992 году', '2020-07-24', 'uploads1591918260dsc_1440.jpg', 'В XIX веке в этом здании располагалось ателье, где работали Андрей Карелин и Максим Дмитриев — основоположники соответственно художественной и публицистической фотографии в России. Здесь бывали Горький, Шаляпин, Короленко, Мельников-Печерский и другие знаменитости. Теперь на первом этаже музея — постоянная экспозиция, посвященная истории русской фотографии. Кроме снимков старого Нижнего представлена эволюция техники — от 100-килограммовой деревянной дорожной камеры к советским фотоаппаратам, зарубежным лейке и кодаку. На втором этаже устраивают сменные выставки, разнородные по качеству.\r\n', 'Нижний Новгород, Пискунова, 9а'),
(21, 6, 'Музей истории художественных промыслов', '2020-06-26', 'uploads1591918776Muzey-istorii-khudozhestven.jpg', 'Нижегородская область как локальный перекресток культур — один из центров народных промыслов. Самые известные — хохломская и городецкая росписи по дереву, но много здесь и менее известных образцов народного искусства: обработка металла (литье, шкатулки, ножи), косторезный промысел, шитье, керамика и т.д. Всего около 4000 экспонатов, к тому же помещенных в воссозданные интерьеры крестьянских изб.      ', 'Нижний Новгород, Б.Покровская, 43, 4 этаж      '),
(22, 7, 'VK Fest', '2020-06-26', 'uploads1591918884KkopdAzIDOM.jpg', 'VK Fest в 2020 году пройдёт с 15 по 21 мая онлайн под девизом «Лучше дома». Неделя бесплатных трансляций с участием артистов и других звёздных гостей. Участвуют: Баста, Градусы, Джаро & Ханза, Джиган, Диана Арбенина и Ночные Снайперы, Дискотека Авария, Елена Темникова, Ёлка, Жак Энтони, Звонкий, кис-кис, Клава Кока, ЛАУД, Лёша Свик, Луна, Макс Барских, Мари Краймбрери, Мот, Мумий Тролль, Ольга Бузова, Ольга Серябкина, Полина Гагарина, Порнофильмы, Руки Вверх!, Сергей Лазарев, Сурганова и Оркестр, Тима Белорусских, Тимати, Фогель, Хлеб, Шура Би-2, Юлианна Караулова, ЯАVЬ, Andro, Artik & Asti, B', 'Онлайн'),
(23, 7, 'День города', '2020-05-16', 'uploads1591918958image.jpg', 'В 2020 году Нижний Новгород отметит 799-летие. В парках, скверах, домах культуры и музеях пройдут праздничные концерты и ярмарки, спортивные соревнования и конкурсы, поэтические чтения и мастер-классы.', 'Нижегородская Набережная');

-- --------------------------------------------------------

--
-- Структура таблицы `message`
--

CREATE TABLE `message` (
  `id_message` int(11) NOT NULL,
  `Name_ user` text NOT NULL,
  `Email_user` varchar(255) NOT NULL,
  `message_users` text NOT NULL
) ENGINE=InnoDB DEFAULT CHARSET=utf8;

--
-- Дамп данных таблицы `message`
--

INSERT INTO `message` (`id_message`, `Name_ user`, `Email_user`, `message_users`) VALUES
(1, 'Даня', 'danill001082000@gmail.com', 'dyjjsPJDGPHHGPShpghыпыщпхыщвопыхвопхыщопщ тест!'),
(3, 'Даня', 'danill001082000@gmail.com', 'ardgfgdfffffffffffffffffffffffffffffffffffffffffffffffffffffffffffffffffffffffffffff');

-- --------------------------------------------------------

--
-- Структура таблицы `users`
--

CREATE TABLE `users` (
  `id` int(10) UNSIGNED NOT NULL,
  `login` varchar(100) NOT NULL,
  `password` varchar(255) NOT NULL,
  `email` varchar(200) NOT NULL,
  `is_admin` tinyint(1) NOT NULL DEFAULT 0
) ENGINE=InnoDB DEFAULT CHARSET=utf8mb4;

--
-- Дамп данных таблицы `users`
--

INSERT INTO `users` (`id`, `login`, `password`, `email`, `is_admin`) VALUES
(1, 'admin1', 'root', 'kavabynga.ks@gmail.com', 1),
(2, 'admin', '202cb962ac59075b964b07152d234b70', 'kavabynga.ks@gmail.com', 1),
(3, 'user101', '81dc9bdb52d04dc20036dbd8313ed055', 'kavaba.ks@gmail', 0);

--
-- Индексы сохранённых таблиц
--

--
-- Индексы таблицы `category`
--
ALTER TABLE `category`
  ADD PRIMARY KEY (`id`);

--
-- Индексы таблицы `event`
--
ALTER TABLE `event`
  ADD PRIMARY KEY (`id`),
  ADD KEY `category_id` (`category_id`);

--
-- Индексы таблицы `message`
--
ALTER TABLE `message`
  ADD PRIMARY KEY (`id_message`);

--
-- Индексы таблицы `users`
--
ALTER TABLE `users`
  ADD PRIMARY KEY (`id`);

--
-- AUTO_INCREMENT для сохранённых таблиц
--

--
-- AUTO_INCREMENT для таблицы `category`
--
ALTER TABLE `category`
  MODIFY `id` int(11) UNSIGNED NOT NULL AUTO_INCREMENT, AUTO_INCREMENT=8;

--
-- AUTO_INCREMENT для таблицы `event`
--
ALTER TABLE `event`
  MODIFY `id` int(255) UNSIGNED NOT NULL AUTO_INCREMENT, AUTO_INCREMENT=24;

--
-- AUTO_INCREMENT для таблицы `message`
--
ALTER TABLE `message`
  MODIFY `id_message` int(11) NOT NULL AUTO_INCREMENT, AUTO_INCREMENT=5;

--
-- AUTO_INCREMENT для таблицы `users`
--
ALTER TABLE `users`
  MODIFY `id` int(10) UNSIGNED NOT NULL AUTO_INCREMENT, AUTO_INCREMENT=5;

--
-- Ограничения внешнего ключа сохраненных таблиц
--

--
-- Ограничения внешнего ключа таблицы `event`
--
ALTER TABLE `event`
  ADD CONSTRAINT `event_ibfk_1` FOREIGN KEY (`category_id`) REFERENCES `category` (`id`) ON DELETE NO ACTION ON UPDATE NO ACTION;
COMMIT;

/*!40101 SET CHARACTER_SET_CLIENT=@OLD_CHARACTER_SET_CLIENT */;
/*!40101 SET CHARACTER_SET_RESULTS=@OLD_CHARACTER_SET_RESULTS */;
/*!40101 SET COLLATION_CONNECTION=@OLD_COLLATION_CONNECTION */;
